Fantastic Beasts: The Crimes of Grindelwald	In an effort to thwart Grindelwald's plans of raising pure-blood wizards to rule over all non-magical beings, Albus Dumbledore enlists his former student Newt Scamander, who agrees to help, unaware of the dangers that lie ahead. Lines are drawn as love and loyalty are tested, even among the truest friends and family, in an increasingly divided wizarding world.	2022-01-01T00:00:00.101Z	Fantasy	2018	8	https://what-to-watch.com/FantasticBeastsTheCrimesofGrindelwald_preview.mp4	https://what-to-watch.com/FantasticBeastsTheCrimesofGrindelwald_video.mp4	Ralph Fiennes;F. Murray Abraham;Mathieu Amalric;Adrien Brody;Willem Dafoe;Jeff Goldblum;Harvey Keitel;Jude Law;Bill Murray;Edward Norton;Saoirse Ronan;Jason Schwartzman;Léa Seydoux;Tilda Swinton;Tom Wilkinson;Owen Wilson;Tony Revolori	David Yates	134	https://what-to-watch.com/FantasticBeastsTheCrimesofGrindelwald_poster.jpg	Петров Петр	mail@mail.ru	https://what-to-watch.com/avatar.jpg	https://what-to-watch.com/FantasticBeastsTheCrimesofGrindelwald_background.jpg	0054d1
The Grand Budapest Hotel	In the 1930s, the Grand Budapest Hotel is a popular European ski resort, presided over by concierge Gustave H. (Ralph Fiennes). Zero, a junior lobby boy, becomes Gustave's friend and protege. Gustave prides himself on providing first-class service to the hotel's guests, including satisfying the sexual needs of the many elderly women who stay there. When one of Gustave's lovers dies mysteriously, Gustave finds himself the recipient of a priceless painting and the chief suspect in her murder.	2022-01-01T00:00:00.102Z	Adventure	2018	9	https://what-to-watch.com/The-grand-budapest-hotel_preview.mp4	https://what-to-watch.com/The-grand-budapest-hotel_video.mp4	Eddie Redmayne;Katherine Waterston;Dan Fogler;Alison Sudol;Ezra Miller;Zoë Kravit	Wes Anderson	100	https://what-to-watch.com/the-grand-budapest-hotel-poster.jpg	Павлов Павел	mail1@mail.ru	https://what-to-watch.com/avatar1.jpg
Fantastic Beasts: The Crimes of Grindelwald	In an effort to thwart Grindelwald's plans of raising pure-blood wizards to rule over all non-magical beings, Albus Dumbledore enlists his former student Newt Scamander, who agrees to help, unaware of the dangers that lie ahead. Lines are drawn as love and loyalty are tested, even among the truest friends and family, in an increasingly divided wizarding world.	2022-01-01T00:00:00.101Z	Fantasy	2018	8	https://what-to-watch.com/FantasticBeastsTheCrimesofGrindelwald_preview.mp4	https://what-to-watch.com/FantasticBeastsTheCrimesofGrindelwald_video.mp4	Ralph Fiennes;F. Murray Abraham;Mathieu Amalric;Adrien Brody;Willem Dafoe;Jeff Goldblum;Harvey Keitel;Jude Law;Bill Murray;Edward Norton;Saoirse Ronan;Jason Schwartzman;Léa Seydoux;Tilda Swinton;Tom Wilkinson;Owen Wilson;Tony Revolori	David Yates	134	https://what-to-watch.com/FantasticBeastsTheCrimesofGrindelwald_poster.jpg	Петров Петр	mail@mail.ru	https://what-to-watch.com/avatar.jpg	https://what-to-watch.com/FantasticBeastsTheCrimesofGrindelwald_background.jpg	0054d1
The Grand Budapest Hotel	In the 1930s, the Grand Budapest Hotel is a popular European ski resort, presided over by concierge Gustave H. (Ralph Fiennes). Zero, a junior lobby boy, becomes Gustave's friend and protege. Gustave prides himself on providing first-class service to the hotel's guests, including satisfying the sexual needs of the many elderly women who stay there. When one of Gustave's lovers dies mysteriously, Gustave finds himself the recipient of a priceless painting and the chief suspect in her murder.	2022-01-01T00:00:00.102Z	Adventure	2018	9	https://what-to-watch.com/The-grand-budapest-hotel_preview.mp4	https://what-to-watch.com/The-grand-budapest-hotel_video.mp4	Eddie Redmayne;Katherine Waterston;Dan Fogler;Alison Sudol;Ezra Miller;Zoë Kravit	Wes Anderson	100	https://what-to-watch.com/the-grand-budapest-hotel-poster.jpg	Павлов Павел	mail1@mail.ru	https://what-to-watch.com/avatar1.jpg
Fantastic Beasts: The Crimes of Grindelwald	In an effort to thwart Grindelwald's plans of raising pure-blood wizards to rule over all non-magical beings, Albus Dumbledore enlists his former student Newt Scamander, who agrees to help, unaware of the dangers that lie ahead. Lines are drawn as love and loyalty are tested, even among the truest friends and family, in an increasingly divided wizarding world.	2022-01-01T00:00:00.101Z	Fantasy	2018	8	https://what-to-watch.com/FantasticBeastsTheCrimesofGrindelwald_preview.mp4	https://what-to-watch.com/FantasticBeastsTheCrimesofGrindelwald_video.mp4	Ralph Fiennes;F. Murray Abraham;Mathieu Amalric;Adrien Brody;Willem Dafoe;Jeff Goldblum;Harvey Keitel;Jude Law;Bill Murray;Edward Norton;Saoirse Ronan;Jason Schwartzman;Léa Seydoux;Tilda Swinton;Tom Wilkinson;Owen Wilson;Tony Revolori	David Yates	134	https://what-to-watch.com/FantasticBeastsTheCrimesofGrindelwald_poster.jpg	Петров Петр	mail@mail.ru	https://what-to-watch.com/avatar.jpg	https://what-to-watch.com/FantasticBeastsTheCrimesofGrindelwald_background.jpg	0054d1
The Grand Budapest Hotel	In the 1930s, the Grand Budapest Hotel is a popular European ski resort, presided over by concierge Gustave H. (Ralph Fiennes). Zero, a junior lobby boy, becomes Gustave's friend and protege. Gustave prides himself on providing first-class service to the hotel's guests, including satisfying the sexual needs of the many elderly women who stay there. When one of Gustave's lovers dies mysteriously, Gustave finds himself the recipient of a priceless painting and the chief suspect in her murder.	2022-01-01T00:00:00.102Z	Adventure	2018	9	https://what-to-watch.com/The-grand-budapest-hotel_preview.mp4	https://what-to-watch.com/The-grand-budapest-hotel_video.mp4	Eddie Redmayne;Katherine Waterston;Dan Fogler;Alison Sudol;Ezra Miller;Zoë Kravit	Wes Anderson	100	https://what-to-watch.com/the-grand-budapest-hotel-poster.jpg	Павлов Павел	mail1@mail.ru	https://what-to-watch.com/avatar1.jpg
Fantastic Beasts: The Crimes of Grindelwald	In an effort to thwart Grindelwald's plans of raising pure-blood wizards to rule over all non-magical beings, Albus Dumbledore enlists his former student Newt Scamander, who agrees to help, unaware of the dangers that lie ahead. Lines are drawn as love and loyalty are tested, even among the truest friends and family, in an increasingly divided wizarding world.	2022-01-01T00:00:00.101Z	Fantasy	2018	8	https://what-to-watch.com/FantasticBeastsTheCrimesofGrindelwald_preview.mp4	https://what-to-watch.com/FantasticBeastsTheCrimesofGrindelwald_video.mp4	Ralph Fiennes;F. Murray Abraham;Mathieu Amalric;Adrien Brody;Willem Dafoe;Jeff Goldblum;Harvey Keitel;Jude Law;Bill Murray;Edward Norton;Saoirse Ronan;Jason Schwartzman;Léa Seydoux;Tilda Swinton;Tom Wilkinson;Owen Wilson;Tony Revolori	David Yates	134	https://what-to-watch.com/FantasticBeastsTheCrimesofGrindelwald_poster.jpg	Петров Петр	mail@mail.ru	https://what-to-watch.com/avatar.jpg	https://what-to-watch.com/FantasticBeastsTheCrimesofGrindelwald_background.jpg	0054d1
The Grand Budapest Hotel	In the 1930s, the Grand Budapest Hotel is a popular European ski resort, presided over by concierge Gustave H. (Ralph Fiennes). Zero, a junior lobby boy, becomes Gustave's friend and protege. Gustave prides himself on providing first-class service to the hotel's guests, including satisfying the sexual needs of the many elderly women who stay there. When one of Gustave's lovers dies mysteriously, Gustave finds himself the recipient of a priceless painting and the chief suspect in her murder.	2022-01-01T00:00:00.102Z	Adventure	2018	9	https://what-to-watch.com/The-grand-budapest-hotel_preview.mp4	https://what-to-watch.com/The-grand-budapest-hotel_video.mp4	Eddie Redmayne;Katherine Waterston;Dan Fogler;Alison Sudol;Ezra Miller;Zoë Kravit	Wes Anderson	100	https://what-to-watch.com/the-grand-budapest-hotel-poster.jpg	Павлов Павел	mail1@mail.ru	https://what-to-watch.com/avatar1.jpg
Fantastic Beasts: The Crimes of Grindelwald	In an effort to thwart Grindelwald's plans of raising pure-blood wizards to rule over all non-magical beings, Albus Dumbledore enlists his former student Newt Scamander, who agrees to help, unaware of the dangers that lie ahead. Lines are drawn as love and loyalty are tested, even among the truest friends and family, in an increasingly divided wizarding world.	2022-01-01T00:00:00.101Z	Fantasy	2018	8	https://what-to-watch.com/FantasticBeastsTheCrimesofGrindelwald_preview.mp4	https://what-to-watch.com/FantasticBeastsTheCrimesofGrindelwald_video.mp4	Ralph Fiennes;F. Murray Abraham;Mathieu Amalric;Adrien Brody;Willem Dafoe;Jeff Goldblum;Harvey Keitel;Jude Law;Bill Murray;Edward Norton;Saoirse Ronan;Jason Schwartzman;Léa Seydoux;Tilda Swinton;Tom Wilkinson;Owen Wilson;Tony Revolori	David Yates	134	https://what-to-watch.com/FantasticBeastsTheCrimesofGrindelwald_poster.jpg	Петров Петр	mail@mail.ru	https://what-to-watch.com/avatar.jpg	https://what-to-watch.com/FantasticBeastsTheCrimesofGrindelwald_background.jpg	0054d1
The Grand Budapest Hotel	In the 1930s, the Grand Budapest Hotel is a popular European ski resort, presided over by concierge Gustave H. (Ralph Fiennes). Zero, a junior lobby boy, becomes Gustave's friend and protege. Gustave prides himself on providing first-class service to the hotel's guests, including satisfying the sexual needs of the many elderly women who stay there. When one of Gustave's lovers dies mysteriously, Gustave finds himself the recipient of a priceless painting and the chief suspect in her murder.	2022-01-01T00:00:00.102Z	Adventure	2018	9	https://what-to-watch.com/The-grand-budapest-hotel_preview.mp4	https://what-to-watch.com/The-grand-budapest-hotel_video.mp4	Eddie Redmayne;Katherine Waterston;Dan Fogler;Alison Sudol;Ezra Miller;Zoë Kravit	Wes Anderson	100	https://what-to-watch.com/the-grand-budapest-hotel-poster.jpg	Павлов Павел	mail1@mail.ru	https://what-to-watch.com/avatar1.jpg
Fantastic Beasts: The Crimes of Grindelwald	In an effort to thwart Grindelwald's plans of raising pure-blood wizards to rule over all non-magical beings, Albus Dumbledore enlists his former student Newt Scamander, who agrees to help, unaware of the dangers that lie ahead. Lines are drawn as love and loyalty are tested, even among the truest friends and family, in an increasingly divided wizarding world.	2022-01-01T00:00:00.101Z	Fantasy	2018	8	https://what-to-watch.com/FantasticBeastsTheCrimesofGrindelwald_preview.mp4	https://what-to-watch.com/FantasticBeastsTheCrimesofGrindelwald_video.mp4	Ralph Fiennes;F. Murray Abraham;Mathieu Amalric;Adrien Brody;Willem Dafoe;Jeff Goldblum;Harvey Keitel;Jude Law;Bill Murray;Edward Norton;Saoirse Ronan;Jason Schwartzman;Léa Seydoux;Tilda Swinton;Tom Wilkinson;Owen Wilson;Tony Revolori	David Yates	134	https://what-to-watch.com/FantasticBeastsTheCrimesofGrindelwald_poster.jpg	Петров Петр	mail@mail.ru	https://what-to-watch.com/avatar.jpg	https://what-to-watch.com/FantasticBeastsTheCrimesofGrindelwald_background.jpg	0054d1
The Grand Budapest Hotel	In the 1930s, the Grand Budapest Hotel is a popular European ski resort, presided over by concierge Gustave H. (Ralph Fiennes). Zero, a junior lobby boy, becomes Gustave's friend and protege. Gustave prides himself on providing first-class service to the hotel's guests, including satisfying the sexual needs of the many elderly women who stay there. When one of Gustave's lovers dies mysteriously, Gustave finds himself the recipient of a priceless painting and the chief suspect in her murder.	2022-01-01T00:00:00.102Z	Adventure	2018	9	https://what-to-watch.com/The-grand-budapest-hotel_preview.mp4	https://what-to-watch.com/The-grand-budapest-hotel_video.mp4	Eddie Redmayne;Katherine Waterston;Dan Fogler;Alison Sudol;Ezra Miller;Zoë Kravit	Wes Anderson	100	https://what-to-watch.com/the-grand-budapest-hotel-poster.jpg	Павлов Павел	mail1@mail.ru	https://what-to-watch.com/avatar1.jpg
Fantastic Beasts: The Crimes of Grindelwald	In an effort to thwart Grindelwald's plans of raising pure-blood wizards to rule over all non-magical beings, Albus Dumbledore enlists his former student Newt Scamander, who agrees to help, unaware of the dangers that lie ahead. Lines are drawn as love and loyalty are tested, even among the truest friends and family, in an increasingly divided wizarding world.	2022-01-01T00:00:00.101Z	Fantasy	2018	8	https://what-to-watch.com/FantasticBeastsTheCrimesofGrindelwald_preview.mp4	https://what-to-watch.com/FantasticBeastsTheCrimesofGrindelwald_video.mp4	Ralph Fiennes;F. Murray Abraham;Mathieu Amalric;Adrien Brody;Willem Dafoe;Jeff Goldblum;Harvey Keitel;Jude Law;Bill Murray;Edward Norton;Saoirse Ronan;Jason Schwartzman;Léa Seydoux;Tilda Swinton;Tom Wilkinson;Owen Wilson;Tony Revolori	David Yates	134	https://what-to-watch.com/FantasticBeastsTheCrimesofGrindelwald_poster.jpg	Петров Петр	mail@mail.ru	https://what-to-watch.com/avatar.jpg	https://what-to-watch.com/FantasticBeastsTheCrimesofGrindelwald_background.jpg	0054d1
The Grand Budapest Hotel	In the 1930s, the Grand Budapest Hotel is a popular European ski resort, presided over by concierge Gustave H. (Ralph Fiennes). Zero, a junior lobby boy, becomes Gustave's friend and protege. Gustave prides himself on providing first-class service to the hotel's guests, including satisfying the sexual needs of the many elderly women who stay there. When one of Gustave's lovers dies mysteriously, Gustave finds himself the recipient of a priceless painting and the chief suspect in her murder.	2022-01-01T00:00:00.102Z	Adventure	2018	9	https://what-to-watch.com/The-grand-budapest-hotel_preview.mp4	https://what-to-watch.com/The-grand-budapest-hotel_video.mp4	Eddie Redmayne;Katherine Waterston;Dan Fogler;Alison Sudol;Ezra Miller;Zoë Kravit	Wes Anderson	100	https://what-to-watch.com/the-grand-budapest-hotel-poster.jpg	Павлов Павел	mail1@mail.ru	https://what-to-watch.com/avatar1.jpg
Fantastic Beasts: The Crimes of Grindelwald	In an effort to thwart Grindelwald's plans of raising pure-blood wizards to rule over all non-magical beings, Albus Dumbledore enlists his former student Newt Scamander, who agrees to help, unaware of the dangers that lie ahead. Lines are drawn as love and loyalty are tested, even among the truest friends and family, in an increasingly divided wizarding world.	2022-01-01T00:00:00.101Z	Fantasy	2018	8	https://what-to-watch.com/FantasticBeastsTheCrimesofGrindelwald_preview.mp4	https://what-to-watch.com/FantasticBeastsTheCrimesofGrindelwald_video.mp4	Ralph Fiennes;F. Murray Abraham;Mathieu Amalric;Adrien Brody;Willem Dafoe;Jeff Goldblum;Harvey Keitel;Jude Law;Bill Murray;Edward Norton;Saoirse Ronan;Jason Schwartzman;Léa Seydoux;Tilda Swinton;Tom Wilkinson;Owen Wilson;Tony Revolori	David Yates	134	https://what-to-watch.com/FantasticBeastsTheCrimesofGrindelwald_poster.jpg	Петров Петр	mail@mail.ru	https://what-to-watch.com/avatar.jpg	https://what-to-watch.com/FantasticBeastsTheCrimesofGrindelwald_background.jpg	0054d1
The Grand Budapest Hotel	In the 1930s, the Grand Budapest Hotel is a popular European ski resort, presided over by concierge Gustave H. (Ralph Fiennes). Zero, a junior lobby boy, becomes Gustave's friend and protege. Gustave prides himself on providing first-class service to the hotel's guests, including satisfying the sexual needs of the many elderly women who stay there. When one of Gustave's lovers dies mysteriously, Gustave finds himself the recipient of a priceless painting and the chief suspect in her murder.	2022-01-01T00:00:00.102Z	Adventure	2018	9	https://what-to-watch.com/The-grand-budapest-hotel_preview.mp4	https://what-to-watch.com/The-grand-budapest-hotel_video.mp4	Eddie Redmayne;Katherine Waterston;Dan Fogler;Alison Sudol;Ezra Miller;Zoë Kravit	Wes Anderson	100	https://what-to-watch.com/the-grand-budapest-hotel-poster.jpg	Павлов Павел	mail1@mail.ru	https://what-to-watch.com/avatar1.jpg
Fantastic Beasts: The Crimes of Grindelwald	In an effort to thwart Grindelwald's plans of raising pure-blood wizards to rule over all non-magical beings, Albus Dumbledore enlists his former student Newt Scamander, who agrees to help, unaware of the dangers that lie ahead. Lines are drawn as love and loyalty are tested, even among the truest friends and family, in an increasingly divided wizarding world.	2022-01-01T00:00:00.101Z	Fantasy	2018	8	https://what-to-watch.com/FantasticBeastsTheCrimesofGrindelwald_preview.mp4	https://what-to-watch.com/FantasticBeastsTheCrimesofGrindelwald_video.mp4	Ralph Fiennes;F. Murray Abraham;Mathieu Amalric;Adrien Brody;Willem Dafoe;Jeff Goldblum;Harvey Keitel;Jude Law;Bill Murray;Edward Norton;Saoirse Ronan;Jason Schwartzman;Léa Seydoux;Tilda Swinton;Tom Wilkinson;Owen Wilson;Tony Revolori	David Yates	134	https://what-to-watch.com/FantasticBeastsTheCrimesofGrindelwald_poster.jpg	Петров Петр	mail@mail.ru	https://what-to-watch.com/avatar.jpg	https://what-to-watch.com/FantasticBeastsTheCrimesofGrindelwald_background.jpg	0054d1
The Grand Budapest Hotel	In the 1930s, the Grand Budapest Hotel is a popular European ski resort, presided over by concierge Gustave H. (Ralph Fiennes). Zero, a junior lobby boy, becomes Gustave's friend and protege. Gustave prides himself on providing first-class service to the hotel's guests, including satisfying the sexual needs of the many elderly women who stay there. When one of Gustave's lovers dies mysteriously, Gustave finds himself the recipient of a priceless painting and the chief suspect in her murder.	2022-01-01T00:00:00.102Z	Adventure	2018	9	https://what-to-watch.com/The-grand-budapest-hotel_preview.mp4	https://what-to-watch.com/The-grand-budapest-hotel_video.mp4	Eddie Redmayne;Katherine Waterston;Dan Fogler;Alison Sudol;Ezra Miller;Zoë Kravit	Wes Anderson	100	https://what-to-watch.com/the-grand-budapest-hotel-poster.jpg	Павлов Павел	mail1@mail.ru	https://what-to-watch.com/avatar1.jpg
Fantastic Beasts: The Crimes of Grindelwald	In an effort to thwart Grindelwald's plans of raising pure-blood wizards to rule over all non-magical beings, Albus Dumbledore enlists his former student Newt Scamander, who agrees to help, unaware of the dangers that lie ahead. Lines are drawn as love and loyalty are tested, even among the truest friends and family, in an increasingly divided wizarding world.	2022-01-01T00:00:00.101Z	Fantasy	2018	8	https://what-to-watch.com/FantasticBeastsTheCrimesofGrindelwald_preview.mp4	https://what-to-watch.com/FantasticBeastsTheCrimesofGrindelwald_video.mp4	Ralph Fiennes;F. Murray Abraham;Mathieu Amalric;Adrien Brody;Willem Dafoe;Jeff Goldblum;Harvey Keitel;Jude Law;Bill Murray;Edward Norton;Saoirse Ronan;Jason Schwartzman;Léa Seydoux;Tilda Swinton;Tom Wilkinson;Owen Wilson;Tony Revolori	David Yates	134	https://what-to-watch.com/FantasticBeastsTheCrimesofGrindelwald_poster.jpg	Петров Петр	mail@mail.ru	https://what-to-watch.com/avatar.jpg	https://what-to-watch.com/FantasticBeastsTheCrimesofGrindelwald_background.jpg	0054d1
The Grand Budapest Hotel	In the 1930s, the Grand Budapest Hotel is a popular European ski resort, presided over by concierge Gustave H. (Ralph Fiennes). Zero, a junior lobby boy, becomes Gustave's friend and protege. Gustave prides himself on providing first-class service to the hotel's guests, including satisfying the sexual needs of the many elderly women who stay there. When one of Gustave's lovers dies mysteriously, Gustave finds himself the recipient of a priceless painting and the chief suspect in her murder.	2022-01-01T00:00:00.102Z	Adventure	2018	9	https://what-to-watch.com/The-grand-budapest-hotel_preview.mp4	https://what-to-watch.com/The-grand-budapest-hotel_video.mp4	Eddie Redmayne;Katherine Waterston;Dan Fogler;Alison Sudol;Ezra Miller;Zoë Kravit	Wes Anderson	100	https://what-to-watch.com/the-grand-budapest-hotel-poster.jpg	Павлов Павел	mail1@mail.ru	https://what-to-watch.com/avatar1.jpg
Fantastic Beasts: The Crimes of Grindelwald	In an effort to thwart Grindelwald's plans of raising pure-blood wizards to rule over all non-magical beings, Albus Dumbledore enlists his former student Newt Scamander, who agrees to help, unaware of the dangers that lie ahead. Lines are drawn as love and loyalty are tested, even among the truest friends and family, in an increasingly divided wizarding world.	2022-01-01T00:00:00.101Z	Fantasy	2018	8	https://what-to-watch.com/FantasticBeastsTheCrimesofGrindelwald_preview.mp4	https://what-to-watch.com/FantasticBeastsTheCrimesofGrindelwald_video.mp4	Ralph Fiennes;F. Murray Abraham;Mathieu Amalric;Adrien Brody;Willem Dafoe;Jeff Goldblum;Harvey Keitel;Jude Law;Bill Murray;Edward Norton;Saoirse Ronan;Jason Schwartzman;Léa Seydoux;Tilda Swinton;Tom Wilkinson;Owen Wilson;Tony Revolori	David Yates	134	https://what-to-watch.com/FantasticBeastsTheCrimesofGrindelwald_poster.jpg	Петров Петр	mail@mail.ru	https://what-to-watch.com/avatar.jpg	https://what-to-watch.com/FantasticBeastsTheCrimesofGrindelwald_background.jpg	0054d1
The Grand Budapest Hotel	In the 1930s, the Grand Budapest Hotel is a popular European ski resort, presided over by concierge Gustave H. (Ralph Fiennes). Zero, a junior lobby boy, becomes Gustave's friend and protege. Gustave prides himself on providing first-class service to the hotel's guests, including satisfying the sexual needs of the many elderly women who stay there. When one of Gustave's lovers dies mysteriously, Gustave finds himself the recipient of a priceless painting and the chief suspect in her murder.	2022-01-01T00:00:00.102Z	Adventure	2018	9	https://what-to-watch.com/The-grand-budapest-hotel_preview.mp4	https://what-to-watch.com/The-grand-budapest-hotel_video.mp4	Eddie Redmayne;Katherine Waterston;Dan Fogler;Alison Sudol;Ezra Miller;Zoë Kravit	Wes Anderson	100	https://what-to-watch.com/the-grand-budapest-hotel-poster.jpg	Павлов Павел	mail1@mail.ru	https://what-to-watch.com/avatar1.jpg
